<?xml version="1.0" encoding="UTF-8"?><CodeSystem xmlns="http://hl7.org/fhir"><id value="therapy-stop-reason"/><text><status value="generated"/><div xmlns="http://www.w3.org/1999/xhtml"><p>This code system <code>https://github.com/KohlbacherLab/DNPM-on-FHIR/CodeSystem/therapy-stop-reason</code> defines the following codes:</p><table class="codes"><tr><td style="white-space:nowrap"><b>Code</b></td><td><b>Display</b></td></tr><tr><td style="white-space:nowrap">patient-wish<a name="therapy-stop-reason-patient-wish"> </a></td><td>Patient wish</td></tr><tr><td style="white-space:nowrap">progression<a name="therapy-stop-reason-progression"> </a></td><td>Progression</td></tr><tr><td style="white-space:nowrap">toxicity<a name="therapy-stop-reason-toxicity"> </a></td><td>Toxicity</td></tr><tr><td style="white-space:nowrap">deterioration<a name="therapy-stop-reason-deterioration"> </a></td><td>Deterioration</td></tr><tr><td style="white-space:nowrap">chronic-remission<a name="therapy-stop-reason-chronic-remission"> </a></td><td>Chronic remission</td></tr><tr><td style="white-space:nowrap">other<a name="therapy-stop-reason-other"> </a></td><td>Other</td></tr><tr><td style="white-space:nowrap">unknown<a name="therapy-stop-reason-unknown"> </a></td><td>Unknown</td></tr></table></div></text><url value="https://github.com/KohlbacherLab/DNPM-on-FHIR/CodeSystem/therapy-stop-reason"/><version value="0.1.0"/><name value="TherapyStopReason"/><status value="active"/><date value="2022-10-07T12:49:11+02:00"/><publisher value="TBI-UKT"/><contact><name value="TBI-UKT"/><telecom><system value="url"/><value value="https://kohlbacherlab.org"/></telecom></contact><content value="complete"/><count value="7"/><concept><code value="patient-wish"/><display value="Patient wish"/></concept><concept><code value="progression"/><display value="Progression"/></concept><concept><code value="toxicity"/><display value="Toxicity"/></concept><concept><code value="deterioration"/><display value="Deterioration"/></concept><concept><code value="chronic-remission"/><display value="Chronic remission"/></concept><concept><code value="other"/><display value="Other"/></concept><concept><code value="unknown"/><display value="Unknown"/></concept></CodeSystem>