<?xml version="1.0" encoding="UTF-8"?><ImplementationGuide xmlns="http://hl7.org/fhir"><id value="dnpm.kds"/><text><status value="extensions"/><div xmlns="http://www.w3.org/1999/xhtml"><h2>DNPMonFHIR</h2><p>The official URL for this implementation guide is: </p><pre>https://github.com/KohlbacherLab/DNPM-on-FHIR/ImplementationGuide/dnpm.kds</pre></div></text><url value="https://github.com/KohlbacherLab/DNPM-on-FHIR/ImplementationGuide/dnpm.kds"/><version value="0.1.0"/><name value="DNPMonFHIR"/><status value="draft"/><date value="2022-10-07T12:49:11+02:00"/><publisher value="TBI-UKT"/><contact><name value="TBI-UKT"/><telecom><system value="url"/><value value="https://kohlbacherlab.org"/></telecom></contact><packageId value="dnpm.kds"/><license value="CC0-1.0"/><fhirVersion value="4.0.1"/><dependsOn id="hl7tx"><uri value="http://terminology.hl7.org/ImplementationGuide/hl7.terminology"/><packageId value="hl7.terminology.r4"/><version value="4.0.0"/></dependsOn><definition><extension url="http://hl7.org/fhir/tools/StructureDefinition/ig-parameter"><extension url="code"><valueString value="copyrightyear"/></extension><extension url="value"><valueString value="2022+"/></extension></extension><extension url="http://hl7.org/fhir/tools/StructureDefinition/ig-parameter"><extension url="code"><valueString value="releaselabel"/></extension><extension url="value"><valueString value="ci-build"/></extension></extension><extension url="http://hl7.org/fhir/tools/StructureDefinition/ig-parameter"><extension url="code"><valueString value="path-liquid"/></extension><extension url="value"><valueString value="template/liquid"/></extension></extension><extension url="http://hl7.org/fhir/tools/StructureDefinition/ig-parameter"><extension url="code"><valueString value="path-liquid"/></extension><extension url="value"><valueString value="input/liquid"/></extension></extension><extension url="http://hl7.org/fhir/tools/StructureDefinition/ig-parameter"><extension url="code"><valueString value="path-qa"/></extension><extension url="value"><valueString value="temp/qa"/></extension></extension><extension url="http://hl7.org/fhir/tools/StructureDefinition/ig-parameter"><extension url="code"><valueString value="path-temp"/></extension><extension url="value"><valueString value="temp/pages"/></extension></extension><extension url="http://hl7.org/fhir/tools/StructureDefinition/ig-parameter"><extension url="code"><valueString value="path-output"/></extension><extension url="value"><valueString value="output"/></extension></extension><extension url="http://hl7.org/fhir/tools/StructureDefinition/ig-parameter"><extension url="code"><valueString value="path-suppressed-warnings"/></extension><extension url="value"><valueString value="input/ignoreWarnings.txt"/></extension></extension><extension url="http://hl7.org/fhir/tools/StructureDefinition/ig-parameter"><extension url="code"><valueString value="path-history"/></extension><extension url="value"><valueString value="https://github.com/KohlbacherLab/DNPM-on-FHIR/history.html"/></extension></extension><extension url="http://hl7.org/fhir/tools/StructureDefinition/ig-parameter"><extension url="code"><valueString value="template-html"/></extension><extension url="value"><valueString value="template-page.html"/></extension></extension><extension url="http://hl7.org/fhir/tools/StructureDefinition/ig-parameter"><extension url="code"><valueString value="template-md"/></extension><extension url="value"><valueString value="template-page-md.html"/></extension></extension><extension url="http://hl7.org/fhir/tools/StructureDefinition/ig-parameter"><extension url="code"><valueString value="apply-contact"/></extension><extension url="value"><valueString value="true"/></extension></extension><extension url="http://hl7.org/fhir/tools/StructureDefinition/ig-parameter"><extension url="code"><valueString value="apply-context"/></extension><extension url="value"><valueString value="true"/></extension></extension><extension url="http://hl7.org/fhir/tools/StructureDefinition/ig-parameter"><extension url="code"><valueString value="apply-copyright"/></extension><extension url="value"><valueString value="true"/></extension></extension><extension url="http://hl7.org/fhir/tools/StructureDefinition/ig-parameter"><extension url="code"><valueString value="apply-jurisdiction"/></extension><extension url="value"><valueString value="true"/></extension></extension><extension url="http://hl7.org/fhir/tools/StructureDefinition/ig-parameter"><extension url="code"><valueString value="apply-license"/></extension><extension url="value"><valueString value="true"/></extension></extension><extension url="http://hl7.org/fhir/tools/StructureDefinition/ig-parameter"><extension url="code"><valueString value="apply-publisher"/></extension><extension url="value"><valueString value="true"/></extension></extension><extension url="http://hl7.org/fhir/tools/StructureDefinition/ig-parameter"><extension url="code"><valueString value="apply-version"/></extension><extension url="value"><valueString value="true"/></extension></extension><extension url="http://hl7.org/fhir/tools/StructureDefinition/ig-parameter"><extension url="code"><valueString value="active-tables"/></extension><extension url="value"><valueString value="true"/></extension></extension><extension url="http://hl7.org/fhir/tools/StructureDefinition/ig-parameter"><extension url="code"><valueString value="fmm-definition"/></extension><extension url="value"><valueString value="http://hl7.org/fhir/versions.html#maturity"/></extension></extension><extension url="http://hl7.org/fhir/tools/StructureDefinition/ig-parameter"><extension url="code"><valueString value="propagate-status"/></extension><extension url="value"><valueString value="true"/></extension></extension><extension url="http://hl7.org/fhir/tools/StructureDefinition/ig-parameter"><extension url="code"><valueString value="excludelogbinaryformat"/></extension><extension url="value"><valueString value="true"/></extension></extension><grouping id="-str-profile"><name value="Structures: Resource Profiles"/><description value="These define constraints on FHIR resources for systems conforming to this implementation guide"/></grouping><grouping id="-str-extension"><name value="Structures: Extension Definitions"/><description value="These define constraints on FHIR data types for systems conforming to this implementation guide"/></grouping><grouping id="-term-valueset"><name value="Terminology: Value Sets"/><description value="These define sets of codes used by systems conforming to this implementation guide"/></grouping><grouping id="-term-codesystem"><name value="Terminology: Code Systems"/><description value="These define new code systems used by systems conforming to this implementation guide"/></grouping><resource><extension url="http://hl7.org/fhir/StructureDefinition/implementationguide-page"><valueUri value="StructureDefinition-ATCMedication.html"/></extension><reference><reference value="StructureDefinition/ATCMedication"/></reference><name value="ATCMedication"/><exampleBoolean value="false"/><groupingId value="-str-profile"/></resource><resource><extension url="http://hl7.org/fhir/StructureDefinition/implementationguide-page"><valueUri value="StructureDefinition-BasicObservation.html"/></extension><reference><reference value="StructureDefinition/BasicObservation"/></reference><name value="BasicObservation"/><exampleBoolean value="false"/><groupingId value="-str-profile"/></resource><resource><extension url="http://hl7.org/fhir/StructureDefinition/implementationguide-page"><valueUri value="StructureDefinition-dnpm-consent.html"/></extension><reference><reference value="StructureDefinition/dnpm-consent"/></reference><name value="DNPM Consent"/><exampleBoolean value="false"/><groupingId value="-str-profile"/></resource><resource><extension url="http://hl7.org/fhir/StructureDefinition/implementationguide-page"><valueUri value="StructureDefinition-ECOGPerformanceStatus.html"/></extension><reference><reference value="StructureDefinition/ECOGPerformanceStatus"/></reference><name value="ECOGPerformanceStatus"/><exampleBoolean value="false"/><groupingId value="-str-profile"/></resource><resource><extension url="http://hl7.org/fhir/StructureDefinition/implementationguide-page"><valueUri value="StructureDefinition-family-member-history.html"/></extension><reference><reference value="StructureDefinition/family-member-history"/></reference><name value="Family Member History"/><description value="TBA"/><exampleBoolean value="false"/><groupingId value="-str-profile"/></resource><resource><extension url="http://hl7.org/fhir/StructureDefinition/implementationguide-page"><valueUri value="StructureDefinition-GuidelineTherapy.html"/></extension><reference><reference value="StructureDefinition/GuidelineTherapy"/></reference><name value="GuidelineTherapy"/><exampleBoolean value="false"/><groupingId value="-str-profile"/></resource><resource><extension url="http://hl7.org/fhir/StructureDefinition/implementationguide-page"><valueUri value="StructureDefinition-HistologyReport.html"/></extension><reference><reference value="StructureDefinition/HistologyReport"/></reference><name value="HistologyReport"/><exampleBoolean value="false"/><groupingId value="-str-profile"/></resource><resource><extension url="http://hl7.org/fhir/StructureDefinition/implementationguide-page"><valueUri value="StructureDefinition-LastGuidelineTherapy.html"/></extension><reference><reference value="StructureDefinition/LastGuidelineTherapy"/></reference><name value="LastGuidelineTherapy"/><exampleBoolean value="false"/><groupingId value="-str-profile"/></resource><resource><extension url="http://hl7.org/fhir/StructureDefinition/implementationguide-page"><valueUri value="StructureDefinition-mtb-episode.html"/></extension><reference><reference value="StructureDefinition/mtb-episode"/></reference><name value="Episode of Care"/><description value="TBA"/><exampleBoolean value="false"/><groupingId value="-str-profile"/></resource><resource><extension url="http://hl7.org/fhir/StructureDefinition/implementationguide-page"><valueUri value="StructureDefinition-MTBFile.html"/></extension><reference><reference value="StructureDefinition/MTBFile"/></reference><name value="MTBFile"/><exampleBoolean value="false"/><groupingId value="-str-profile"/></resource><resource><extension url="http://hl7.org/fhir/StructureDefinition/implementationguide-page"><valueUri value="StructureDefinition-mtb-patient.html"/></extension><reference><reference value="StructureDefinition/mtb-patient"/></reference><name value="MTB Patient"/><description value="A psydonomized MTB Patient"/><exampleBoolean value="false"/><groupingId value="-str-profile"/></resource><resource><extension url="http://hl7.org/fhir/StructureDefinition/implementationguide-page"><valueUri value="StructureDefinition-onco-diagnosis.html"/></extension><reference><reference value="StructureDefinition/onco-diagnosis"/></reference><name value="Onco Diagnosis"/><description value="An oncological Diagnosis object"/><exampleBoolean value="false"/><groupingId value="-str-profile"/></resource><resource><extension url="http://hl7.org/fhir/StructureDefinition/implementationguide-page"><valueUri value="StructureDefinition-Response.html"/></extension><reference><reference value="StructureDefinition/Response"/></reference><name value="Response"/><exampleBoolean value="false"/><groupingId value="-str-profile"/></resource><resource><extension url="http://hl7.org/fhir/StructureDefinition/implementationguide-page"><valueUri value="StructureDefinition-TumorCellContent.html"/></extension><reference><reference value="StructureDefinition/TumorCellContent"/></reference><name value="TumorCellContent"/><exampleBoolean value="false"/><groupingId value="-str-profile"/></resource><resource><extension url="http://hl7.org/fhir/StructureDefinition/implementationguide-page"><valueUri value="StructureDefinition-TumorMorphology.html"/></extension><reference><reference value="StructureDefinition/TumorMorphology"/></reference><name value="TumorMorphology"/><exampleBoolean value="false"/><groupingId value="-str-profile"/></resource><resource><extension url="http://hl7.org/fhir/StructureDefinition/implementationguide-page"><valueUri value="StructureDefinition-TumorSpecimen.html"/></extension><reference><reference value="StructureDefinition/TumorSpecimen"/></reference><name value="TumorSpecimen"/><exampleBoolean value="false"/><groupingId value="-str-profile"/></resource><resource><extension url="http://hl7.org/fhir/StructureDefinition/implementationguide-page"><valueUri value="StructureDefinition-GuidelineTreatmentStatus.html"/></extension><reference><reference value="StructureDefinition/GuidelineTreatmentStatus"/></reference><name value="GuidelineTreatmentStatus"/><exampleBoolean value="false"/><groupingId value="-str-extension"/></resource><resource><extension url="http://hl7.org/fhir/StructureDefinition/implementationguide-page"><valueUri value="StructureDefinition-TherapyLine.html"/></extension><reference><reference value="StructureDefinition/TherapyLine"/></reference><name value="TherapyLine"/><exampleBoolean value="false"/><groupingId value="-str-extension"/></resource><resource><extension url="http://hl7.org/fhir/StructureDefinition/implementationguide-page"><valueUri value="StructureDefinition-TumorStageDate.html"/></extension><reference><reference value="StructureDefinition/TumorStageDate"/></reference><name value="TumorStageDate"/><exampleBoolean value="false"/><groupingId value="-str-extension"/></resource><resource><extension url="http://hl7.org/fhir/StructureDefinition/implementationguide-page"><valueUri value="ValueSet-BasicFamilyMemberVS.html"/></extension><reference><reference value="ValueSet/BasicFamilyMemberVS"/></reference><name value="BasicFamilyMemberVS"/><exampleBoolean value="false"/><groupingId value="-term-valueset"/></resource><resource><extension url="http://hl7.org/fhir/StructureDefinition/implementationguide-page"><valueUri value="ValueSet-guideline-treatment-status-codes-valueset.html"/></extension><reference><reference value="ValueSet/guideline-treatment-status-codes-valueset"/></reference><name value="Guideline Treatment Status Codes"/><description value="Status codes of guideline treatment of tumor disease"/><exampleBoolean value="false"/><groupingId value="-term-valueset"/></resource><resource><extension url="http://hl7.org/fhir/StructureDefinition/implementationguide-page"><valueUri value="ValueSet-ICDO3M.html"/></extension><reference><reference value="ValueSet/ICDO3M"/></reference><name value="ICD-O-3-Morphology"/><description value="ICD-O-3 Morphology codes with ClaML kind = 'category' (hence the regex filter for pattern ****:*)"/><exampleBoolean value="false"/><groupingId value="-term-valueset"/></resource><resource><extension url="http://hl7.org/fhir/StructureDefinition/implementationguide-page"><valueUri value="ValueSet-ICDO3T.html"/></extension><reference><reference value="ValueSet/ICDO3T"/></reference><name value="ICD-O-3-Topography"/><description value="ICD-O-3 Topography codes with ClaML kind = 'category' (hence the regex filter for pattern C**[.*])"/><exampleBoolean value="false"/><groupingId value="-term-valueset"/></resource><resource><extension url="http://hl7.org/fhir/StructureDefinition/implementationguide-page"><valueUri value="ValueSet-RECISTVS.html"/></extension><reference><reference value="ValueSet/RECISTVS"/></reference><name value="RECISTVS"/><exampleBoolean value="false"/><groupingId value="-term-valueset"/></resource><resource><extension url="http://hl7.org/fhir/StructureDefinition/implementationguide-page"><valueUri value="ValueSet-TherapyStopReasonVS.html"/></extension><reference><reference value="ValueSet/TherapyStopReasonVS"/></reference><name value="TherapyStopReasonVS"/><exampleBoolean value="false"/><groupingId value="-term-valueset"/></resource><resource><extension url="http://hl7.org/fhir/StructureDefinition/implementationguide-page"><valueUri value="ValueSet-TumorCellContentMethodVS.html"/></extension><reference><reference value="ValueSet/TumorCellContentMethodVS"/></reference><name value="TumorCellContentMethodVS"/><exampleBoolean value="false"/><groupingId value="-term-valueset"/></resource><resource><extension url="http://hl7.org/fhir/StructureDefinition/implementationguide-page"><valueUri value="ValueSet-TumorSpecimenCollectionMethodVS.html"/></extension><reference><reference value="ValueSet/TumorSpecimenCollectionMethodVS"/></reference><name value="TumorSpecimenCollectionMethodVS"/><exampleBoolean value="false"/><groupingId value="-term-valueset"/></resource><resource><extension url="http://hl7.org/fhir/StructureDefinition/implementationguide-page"><valueUri value="ValueSet-TumorSpecimenLocalizationVS.html"/></extension><reference><reference value="ValueSet/TumorSpecimenLocalizationVS"/></reference><name value="TumorSpecimenLocalizationVS"/><exampleBoolean value="false"/><groupingId value="-term-valueset"/></resource><resource><extension url="http://hl7.org/fhir/StructureDefinition/implementationguide-page"><valueUri value="ValueSet-TumorSpecimenTypeVS.html"/></extension><reference><reference value="ValueSet/TumorSpecimenTypeVS"/></reference><name value="TumorSpecimenTypeVS"/><exampleBoolean value="false"/><groupingId value="-term-valueset"/></resource><resource><extension url="http://hl7.org/fhir/StructureDefinition/implementationguide-page"><valueUri value="ValueSet-TumorStageVS.html"/></extension><reference><reference value="ValueSet/TumorStageVS"/></reference><name value="TumorStageVS"/><exampleBoolean value="false"/><groupingId value="-term-valueset"/></resource><resource><extension url="http://hl7.org/fhir/StructureDefinition/implementationguide-page"><valueUri value="ValueSet-WHOCNSGradingVS.html"/></extension><reference><reference value="ValueSet/WHOCNSGradingVS"/></reference><name value="WHOCNSGradingVS"/><exampleBoolean value="false"/><groupingId value="-term-valueset"/></resource><resource><extension url="http://hl7.org/fhir/StructureDefinition/implementationguide-page"><valueUri value="CodeSystem-guideline-treatment-status-codes.html"/></extension><reference><reference value="CodeSystem/guideline-treatment-status-codes"/></reference><name value="Guideline Treatment Status Codes"/><description value="Status codes of guideline treatment of tumor disease"/><exampleBoolean value="false"/><groupingId value="-term-codesystem"/></resource><resource><extension url="http://hl7.org/fhir/StructureDefinition/implementationguide-page"><valueUri value="CodeSystem-RECIST.html"/></extension><reference><reference value="CodeSystem/RECIST"/></reference><name value="RECIST"/><exampleBoolean value="false"/><groupingId value="-term-codesystem"/></resource><resource><extension url="http://hl7.org/fhir/StructureDefinition/implementationguide-page"><valueUri value="CodeSystem-therapy-stop-reason.html"/></extension><reference><reference value="CodeSystem/therapy-stop-reason"/></reference><name value="TherapyStopReason"/><exampleBoolean value="false"/><groupingId value="-term-codesystem"/></resource><resource><extension url="http://hl7.org/fhir/StructureDefinition/implementationguide-page"><valueUri value="CodeSystem-TumorCellContentMethod.html"/></extension><reference><reference value="CodeSystem/TumorCellContentMethod"/></reference><name value="TumorCellContentMethod"/><exampleBoolean value="false"/><groupingId value="-term-codesystem"/></resource><resource><extension url="http://hl7.org/fhir/StructureDefinition/implementationguide-page"><valueUri value="CodeSystem-TumorSpecimenCollectionMethod.html"/></extension><reference><reference value="CodeSystem/TumorSpecimenCollectionMethod"/></reference><name value="TumorSpecimenCollectionMethod"/><exampleBoolean value="false"/><groupingId value="-term-codesystem"/></resource><resource><extension url="http://hl7.org/fhir/StructureDefinition/implementationguide-page"><valueUri value="CodeSystem-TumorSpecimenLocalization.html"/></extension><reference><reference value="CodeSystem/TumorSpecimenLocalization"/></reference><name value="TumorSpecimenLocalization"/><exampleBoolean value="false"/><groupingId value="-term-codesystem"/></resource><resource><extension url="http://hl7.org/fhir/StructureDefinition/implementationguide-page"><valueUri value="CodeSystem-TumorSpecimenType.html"/></extension><reference><reference value="CodeSystem/TumorSpecimenType"/></reference><name value="TumorSpecimenType"/><exampleBoolean value="false"/><groupingId value="-term-codesystem"/></resource><resource><extension url="http://hl7.org/fhir/StructureDefinition/implementationguide-page"><valueUri value="CodeSystem-TumorStage.html"/></extension><reference><reference value="CodeSystem/TumorStage"/></reference><name value="TumorStage"/><exampleBoolean value="false"/><groupingId value="-term-codesystem"/></resource><resource><extension url="http://hl7.org/fhir/StructureDefinition/implementationguide-page"><valueUri value="CodeSystem-WHOCNSGrading.html"/></extension><reference><reference value="CodeSystem/WHOCNSGrading"/></reference><name value="WHOCNSGrading"/><exampleBoolean value="false"/><groupingId value="-term-codesystem"/></resource><page><extension url="http://hl7.org/fhir/tools/StructureDefinition/ig-page-name"><valueUrl value="toc.html"/></extension><nameUrl value="toc.html"/><title value="Table of Contents"/><generation value="html"/><page><extension url="http://hl7.org/fhir/tools/StructureDefinition/ig-page-name"><valueUrl value="index.html"/></extension><nameUrl value="index.html"/><title value="Home"/><generation value="markdown"/></page><page><extension url="http://hl7.org/fhir/tools/StructureDefinition/ig-page-name"><valueUrl value="artifacts.html"/></extension><nameUrl value="artifacts.html"/><title value="Artifacts Summary"/><generation value="html"/><page><extension url="http://hl7.org/fhir/tools/StructureDefinition/ig-page-name"><valueUrl value="StructureDefinition-ATCMedication.html"/></extension><nameUrl value="StructureDefinition-ATCMedication.html"/><title value="ATCMedication"/><generation value="generated"/></page><page><extension url="http://hl7.org/fhir/tools/StructureDefinition/ig-page-name"><valueUrl value="StructureDefinition-BasicObservation.html"/></extension><nameUrl value="StructureDefinition-BasicObservation.html"/><title value="BasicObservation"/><generation value="generated"/></page><page><extension url="http://hl7.org/fhir/tools/StructureDefinition/ig-page-name"><valueUrl value="StructureDefinition-dnpm-consent.html"/></extension><nameUrl value="StructureDefinition-dnpm-consent.html"/><title value="DNPM Consent"/><generation value="generated"/></page><page><extension url="http://hl7.org/fhir/tools/StructureDefinition/ig-page-name"><valueUrl value="StructureDefinition-ECOGPerformanceStatus.html"/></extension><nameUrl value="StructureDefinition-ECOGPerformanceStatus.html"/><title value="ECOGPerformanceStatus"/><generation value="generated"/></page><page><extension url="http://hl7.org/fhir/tools/StructureDefinition/ig-page-name"><valueUrl value="StructureDefinition-family-member-history.html"/></extension><nameUrl value="StructureDefinition-family-member-history.html"/><title value="Family Member History"/><generation value="generated"/></page><page><extension url="http://hl7.org/fhir/tools/StructureDefinition/ig-page-name"><valueUrl value="StructureDefinition-GuidelineTherapy.html"/></extension><nameUrl value="StructureDefinition-GuidelineTherapy.html"/><title value="GuidelineTherapy"/><generation value="generated"/></page><page><extension url="http://hl7.org/fhir/tools/StructureDefinition/ig-page-name"><valueUrl value="StructureDefinition-HistologyReport.html"/></extension><nameUrl value="StructureDefinition-HistologyReport.html"/><title value="HistologyReport"/><generation value="generated"/></page><page><extension url="http://hl7.org/fhir/tools/StructureDefinition/ig-page-name"><valueUrl value="StructureDefinition-LastGuidelineTherapy.html"/></extension><nameUrl value="StructureDefinition-LastGuidelineTherapy.html"/><title value="LastGuidelineTherapy"/><generation value="generated"/></page><page><extension url="http://hl7.org/fhir/tools/StructureDefinition/ig-page-name"><valueUrl value="StructureDefinition-mtb-episode.html"/></extension><nameUrl value="StructureDefinition-mtb-episode.html"/><title value="Episode of Care"/><generation value="generated"/></page><page><extension url="http://hl7.org/fhir/tools/StructureDefinition/ig-page-name"><valueUrl value="StructureDefinition-MTBFile.html"/></extension><nameUrl value="StructureDefinition-MTBFile.html"/><title value="MTBFile"/><generation value="generated"/></page><page><extension url="http://hl7.org/fhir/tools/StructureDefinition/ig-page-name"><valueUrl value="StructureDefinition-mtb-patient.html"/></extension><nameUrl value="StructureDefinition-mtb-patient.html"/><title value="MTB Patient"/><generation value="generated"/></page><page><extension url="http://hl7.org/fhir/tools/StructureDefinition/ig-page-name"><valueUrl value="StructureDefinition-onco-diagnosis.html"/></extension><nameUrl value="StructureDefinition-onco-diagnosis.html"/><title value="Onco Diagnosis"/><generation value="generated"/></page><page><extension url="http://hl7.org/fhir/tools/StructureDefinition/ig-page-name"><valueUrl value="StructureDefinition-Response.html"/></extension><nameUrl value="StructureDefinition-Response.html"/><title value="Response"/><generation value="generated"/></page><page><extension url="http://hl7.org/fhir/tools/StructureDefinition/ig-page-name"><valueUrl value="StructureDefinition-TumorCellContent.html"/></extension><nameUrl value="StructureDefinition-TumorCellContent.html"/><title value="TumorCellContent"/><generation value="generated"/></page><page><extension url="http://hl7.org/fhir/tools/StructureDefinition/ig-page-name"><valueUrl value="StructureDefinition-TumorMorphology.html"/></extension><nameUrl value="StructureDefinition-TumorMorphology.html"/><title value="TumorMorphology"/><generation value="generated"/></page><page><extension url="http://hl7.org/fhir/tools/StructureDefinition/ig-page-name"><valueUrl value="StructureDefinition-TumorSpecimen.html"/></extension><nameUrl value="StructureDefinition-TumorSpecimen.html"/><title value="TumorSpecimen"/><generation value="generated"/></page><page><extension url="http://hl7.org/fhir/tools/StructureDefinition/ig-page-name"><valueUrl value="StructureDefinition-GuidelineTreatmentStatus.html"/></extension><nameUrl value="StructureDefinition-GuidelineTreatmentStatus.html"/><title value="GuidelineTreatmentStatus"/><generation value="generated"/></page><page><extension url="http://hl7.org/fhir/tools/StructureDefinition/ig-page-name"><valueUrl value="StructureDefinition-TherapyLine.html"/></extension><nameUrl value="StructureDefinition-TherapyLine.html"/><title value="TherapyLine"/><generation value="generated"/></page><page><extension url="http://hl7.org/fhir/tools/StructureDefinition/ig-page-name"><valueUrl value="StructureDefinition-TumorStageDate.html"/></extension><nameUrl value="StructureDefinition-TumorStageDate.html"/><title value="TumorStageDate"/><generation value="generated"/></page><page><extension url="http://hl7.org/fhir/tools/StructureDefinition/ig-page-name"><valueUrl value="ValueSet-BasicFamilyMemberVS.html"/></extension><nameUrl value="ValueSet-BasicFamilyMemberVS.html"/><title value="BasicFamilyMemberVS"/><generation value="generated"/></page><page><extension url="http://hl7.org/fhir/tools/StructureDefinition/ig-page-name"><valueUrl value="ValueSet-guideline-treatment-status-codes-valueset.html"/></extension><nameUrl value="ValueSet-guideline-treatment-status-codes-valueset.html"/><title value="Guideline Treatment Status Codes"/><generation value="generated"/></page><page><extension url="http://hl7.org/fhir/tools/StructureDefinition/ig-page-name"><valueUrl value="ValueSet-ICDO3M.html"/></extension><nameUrl value="ValueSet-ICDO3M.html"/><title value="ICD-O-3-Morphology"/><generation value="generated"/></page><page><extension url="http://hl7.org/fhir/tools/StructureDefinition/ig-page-name"><valueUrl value="ValueSet-ICDO3T.html"/></extension><nameUrl value="ValueSet-ICDO3T.html"/><title value="ICD-O-3-Topography"/><generation value="generated"/></page><page><extension url="http://hl7.org/fhir/tools/StructureDefinition/ig-page-name"><valueUrl value="ValueSet-RECISTVS.html"/></extension><nameUrl value="ValueSet-RECISTVS.html"/><title value="RECISTVS"/><generation value="generated"/></page><page><extension url="http://hl7.org/fhir/tools/StructureDefinition/ig-page-name"><valueUrl value="ValueSet-TherapyStopReasonVS.html"/></extension><nameUrl value="ValueSet-TherapyStopReasonVS.html"/><title value="TherapyStopReasonVS"/><generation value="generated"/></page><page><extension url="http://hl7.org/fhir/tools/StructureDefinition/ig-page-name"><valueUrl value="ValueSet-TumorCellContentMethodVS.html"/></extension><nameUrl value="ValueSet-TumorCellContentMethodVS.html"/><title value="TumorCellContentMethodVS"/><generation value="generated"/></page><page><extension url="http://hl7.org/fhir/tools/StructureDefinition/ig-page-name"><valueUrl value="ValueSet-TumorSpecimenCollectionMethodVS.html"/></extension><nameUrl value="ValueSet-TumorSpecimenCollectionMethodVS.html"/><title value="TumorSpecimenCollectionMethodVS"/><generation value="generated"/></page><page><extension url="http://hl7.org/fhir/tools/StructureDefinition/ig-page-name"><valueUrl value="ValueSet-TumorSpecimenLocalizationVS.html"/></extension><nameUrl value="ValueSet-TumorSpecimenLocalizationVS.html"/><title value="TumorSpecimenLocalizationVS"/><generation value="generated"/></page><page><extension url="http://hl7.org/fhir/tools/StructureDefinition/ig-page-name"><valueUrl value="ValueSet-TumorSpecimenTypeVS.html"/></extension><nameUrl value="ValueSet-TumorSpecimenTypeVS.html"/><title value="TumorSpecimenTypeVS"/><generation value="generated"/></page><page><extension url="http://hl7.org/fhir/tools/StructureDefinition/ig-page-name"><valueUrl value="ValueSet-TumorStageVS.html"/></extension><nameUrl value="ValueSet-TumorStageVS.html"/><title value="TumorStageVS"/><generation value="generated"/></page><page><extension url="http://hl7.org/fhir/tools/StructureDefinition/ig-page-name"><valueUrl value="ValueSet-WHOCNSGradingVS.html"/></extension><nameUrl value="ValueSet-WHOCNSGradingVS.html"/><title value="WHOCNSGradingVS"/><generation value="generated"/></page><page><extension url="http://hl7.org/fhir/tools/StructureDefinition/ig-page-name"><valueUrl value="CodeSystem-guideline-treatment-status-codes.html"/></extension><nameUrl value="CodeSystem-guideline-treatment-status-codes.html"/><title value="Guideline Treatment Status Codes"/><generation value="generated"/></page><page><extension url="http://hl7.org/fhir/tools/StructureDefinition/ig-page-name"><valueUrl value="CodeSystem-RECIST.html"/></extension><nameUrl value="CodeSystem-RECIST.html"/><title value="RECIST"/><generation value="generated"/></page><page><extension url="http://hl7.org/fhir/tools/StructureDefinition/ig-page-name"><valueUrl value="CodeSystem-therapy-stop-reason.html"/></extension><nameUrl value="CodeSystem-therapy-stop-reason.html"/><title value="TherapyStopReason"/><generation value="generated"/></page><page><extension url="http://hl7.org/fhir/tools/StructureDefinition/ig-page-name"><valueUrl value="CodeSystem-TumorCellContentMethod.html"/></extension><nameUrl value="CodeSystem-TumorCellContentMethod.html"/><title value="TumorCellContentMethod"/><generation value="generated"/></page><page><extension url="http://hl7.org/fhir/tools/StructureDefinition/ig-page-name"><valueUrl value="CodeSystem-TumorSpecimenCollectionMethod.html"/></extension><nameUrl value="CodeSystem-TumorSpecimenCollectionMethod.html"/><title value="TumorSpecimenCollectionMethod"/><generation value="generated"/></page><page><extension url="http://hl7.org/fhir/tools/StructureDefinition/ig-page-name"><valueUrl value="CodeSystem-TumorSpecimenLocalization.html"/></extension><nameUrl value="CodeSystem-TumorSpecimenLocalization.html"/><title value="TumorSpecimenLocalization"/><generation value="generated"/></page><page><extension url="http://hl7.org/fhir/tools/StructureDefinition/ig-page-name"><valueUrl value="CodeSystem-TumorSpecimenType.html"/></extension><nameUrl value="CodeSystem-TumorSpecimenType.html"/><title value="TumorSpecimenType"/><generation value="generated"/></page><page><extension url="http://hl7.org/fhir/tools/StructureDefinition/ig-page-name"><valueUrl value="CodeSystem-TumorStage.html"/></extension><nameUrl value="CodeSystem-TumorStage.html"/><title value="TumorStage"/><generation value="generated"/></page><page><extension url="http://hl7.org/fhir/tools/StructureDefinition/ig-page-name"><valueUrl value="CodeSystem-WHOCNSGrading.html"/></extension><nameUrl value="CodeSystem-WHOCNSGrading.html"/><title value="WHOCNSGrading"/><generation value="generated"/></page></page></page><parameter><code value="path-resource"/><value value="input/capabilities"/></parameter><parameter><code value="path-resource"/><value value="input/examples"/></parameter><parameter><code value="path-resource"/><value value="input/extensions"/></parameter><parameter><code value="path-resource"/><value value="input/models"/></parameter><parameter><code value="path-resource"/><value value="input/operations"/></parameter><parameter><code value="path-resource"/><value value="input/profiles"/></parameter><parameter><code value="path-resource"/><value value="input/resources"/></parameter><parameter><code value="path-resource"/><value value="input/vocabulary"/></parameter><parameter><code value="path-resource"/><value value="input/maps"/></parameter><parameter><code value="path-resource"/><value value="input/testing"/></parameter><parameter><code value="path-resource"/><value value="input/history"/></parameter><parameter><code value="path-resource"/><value value="fsh-generated/resources"/></parameter><parameter><code value="path-pages"/><value value="template/config"/></parameter><parameter><code value="path-pages"/><value value="input/images"/></parameter><parameter><code value="path-tx-cache"/><value value="input-cache/txcache"/></parameter></definition></ImplementationGuide>