<?xml version="1.0" encoding="UTF-8"?><ValueSet xmlns="http://hl7.org/fhir"><id value="TumorSpecimenLocalizationVS"/><text><status value="generated"/><div xmlns="http://www.w3.org/1999/xhtml"><ul><li>Include all codes defined in <a href="CodeSystem-TumorSpecimenLocalization.html"><code>http://bwhc.de/mtb/tumor-specimen/localization</code></a></li></ul></div></text><url value="https://github.com/KohlbacherLab/DNPM-on-FHIR/ValueSet/TumorSpecimenLocalizationVS"/><version value="0.1.0"/><name value="TumorSpecimenLocalizationVS"/><status value="active"/><date value="2022-10-07T12:49:11+02:00"/><publisher value="TBI-UKT"/><contact><name value="TBI-UKT"/><telecom><system value="url"/><value value="https://kohlbacherlab.org"/></telecom></contact><compose><include><system value="http://bwhc.de/mtb/tumor-specimen/localization"/></include></compose></ValueSet>