<?xml version="1.0" encoding="UTF-8"?>

<CodeSystem xmlns="http://hl7.org/fhir">
  <id value="TumorSpecimenCollectionMethod"/>
  <text>
    <status value="generated"/><div xmlns="http://www.w3.org/1999/xhtml"><p>This code system <code>http://bwhc.de/mtb/tumor-specimen/collection-method</code> defines the following codes:</p><table class="codes"><tr><td style="white-space:nowrap"><b>Code</b></td><td><b>Display</b></td></tr><tr><td style="white-space:nowrap">biopsy<a name="TumorSpecimenCollectionMethod-biopsy"> </a></td><td>Biopsy</td></tr><tr><td style="white-space:nowrap">resection<a name="TumorSpecimenCollectionMethod-resection"> </a></td><td>Resection</td></tr><tr><td style="white-space:nowrap">liquid-biopsy<a name="TumorSpecimenCollectionMethod-liquid-biopsy"> </a></td><td>Liquid biopsy</td></tr><tr><td style="white-space:nowrap">cytology<a name="TumorSpecimenCollectionMethod-cytology"> </a></td><td>Cytology</td></tr><tr><td style="white-space:nowrap">unknown<a name="TumorSpecimenCollectionMethod-unknown"> </a></td><td>Unknown</td></tr></table></div>
  </text>
  <url value="http://bwhc.de/mtb/tumor-specimen/collection-method"/>
  <version value="0.1.0"/>
  <name value="TumorSpecimenCollectionMethod"/>
  <status value="active"/>
  <date value="2022-10-07T12:49:11+02:00"/>
  <publisher value="TBI-UKT"/>
  <contact>
    <name value="TBI-UKT"/>
    <telecom>
      <system value="url"/>
      <value value="https://kohlbacherlab.org"/>
    </telecom>
  </contact>
  <content value="complete"/>
  <count value="5"/>
  <concept>
    <code value="biopsy"/>
    <display value="Biopsy"/>
  </concept>
  <concept>
    <code value="resection"/>
    <display value="Resection"/>
  </concept>
  <concept>
    <code value="liquid-biopsy"/>
    <display value="Liquid biopsy"/>
  </concept>
  <concept>
    <code value="cytology"/>
    <display value="Cytology"/>
  </concept>
  <concept>
    <code value="unknown"/>
    <display value="Unknown"/>
  </concept>
</CodeSystem>