<?xml version="1.0" encoding="UTF-8"?>

<CodeSystem xmlns="http://hl7.org/fhir">
  <id value="WHOCNSGrading"/>
  <text>
    <status value="generated"/><div xmlns="http://www.w3.org/1999/xhtml"><p>This code system <code>https://github.com/KohlbacherLab/DNPM-on-FHIR/CodeSystem/WHOCNSGrading</code> defines the following codes:</p><table class="codes"><tr><td style="white-space:nowrap"><b>Code</b></td><td><b>Display</b></td></tr><tr><td style="white-space:nowrap">I<a name="WHOCNSGrading-I"> </a></td><td>Pilocytic astrocytoma</td></tr><tr><td style="white-space:nowrap">II<a name="WHOCNSGrading-II"> </a></td><td>Diffuse astrocytoma</td></tr><tr><td style="white-space:nowrap">III<a name="WHOCNSGrading-III"> </a></td><td>Anaplastic astrocytoma</td></tr><tr><td style="white-space:nowrap">IV<a name="WHOCNSGrading-IV"> </a></td><td>Glioblastoma</td></tr></table></div>
  </text>
  <url value="https://github.com/KohlbacherLab/DNPM-on-FHIR/CodeSystem/WHOCNSGrading"/>
  <version value="0.1.0"/>
  <name value="WHOCNSGrading"/>
  <status value="active"/>
  <date value="2022-10-07T12:49:11+02:00"/>
  <publisher value="TBI-UKT"/>
  <contact>
    <name value="TBI-UKT"/>
    <telecom>
      <system value="url"/>
      <value value="https://kohlbacherlab.org"/>
    </telecom>
  </contact>
  <content value="complete"/>
  <count value="4"/>
  <concept>
    <code value="I"/>
    <display value="Pilocytic astrocytoma"/>
  </concept>
  <concept>
    <code value="II"/>
    <display value="Diffuse astrocytoma"/>
  </concept>
  <concept>
    <code value="III"/>
    <display value="Anaplastic astrocytoma"/>
  </concept>
  <concept>
    <code value="IV"/>
    <display value="Glioblastoma"/>
  </concept>
</CodeSystem>