{
  "resourceType": "ValueSet",
  "id": "guideline-treatment-status-codes-valueset",
  "text": {
    "status": "generated",
    "div": "<div xmlns=\"http://www.w3.org/1999/xhtml\"><ul><li>Include all codes defined in <a href=\"CodeSystem-guideline-treatment-status-codes.html\"><code>https://github.com/KohlbacherLab/DNPM-on-FHIR/CodeSystem/guideline-treatment-status-codes</code></a></li></ul></div>"
  },
  "url": "https://github.com/KohlbacherLab/DNPM-on-FHIR/ValueSet/guideline-treatment-status-codes-valueset",
  "version": "0.1.0",
  "name": "GuidelineTreatmentStatusCodesVS",
  "title": "Guideline Treatment Status Codes",
  "status": "active",
  "date": "2022-10-07T12:49:11+02:00",
  "publisher": "TBI-UKT",
  "contact": [
    {
      "name": "TBI-UKT",
      "telecom": [
        {
          "system": "url",
          "value": "https://kohlbacherlab.org"
        }
      ]
    }
  ],
  "description": "Status codes of guideline treatment of tumor disease",
  "compose": {
    "include": [
      {
        "system": "https://github.com/KohlbacherLab/DNPM-on-FHIR/CodeSystem/guideline-treatment-status-codes"
      }
    ]
  }
}