<?xml version="1.0" encoding="UTF-8"?>

<ValueSet xmlns="http://hl7.org/fhir">
  <id value="ICDO3T"/>
  <text>
    <status value="generated"/><div xmlns="http://www.w3.org/1999/xhtml"><ul><li>Include codes from <code>urn:oid:2.16.840.1.113883.6.43.1</code> where concept  descends from  T and concept  matches (by regex)  C\d{2}(.\d{1})?</li></ul></div>
  </text>
  <url value="urn:oid:2.16.840.1.113883.6.43.1/topography"/>
  <version value="0.1.0"/>
  <name value="ICDO3Topography"/>
  <title value="ICD-O-3-Topography"/>
  <status value="active"/>
  <date value="2022-10-07T12:49:11+02:00"/>
  <publisher value="TBI-UKT"/>
  <contact>
    <name value="TBI-UKT"/>
    <telecom>
      <system value="url"/>
      <value value="https://kohlbacherlab.org"/>
    </telecom>
  </contact>
  <description value="ICD-O-3 Topography codes with ClaML kind = 'category' (hence the regex filter for pattern C**[.*])"/>
  <compose>
    <include>
      <system value="urn:oid:2.16.840.1.113883.6.43.1"/>
      <filter>
        <property value="concept"/>
        <op value="descendent-of"/>
        <value value="T"/>
      </filter>
      <filter>
        <property value="concept"/>
        <op value="regex"/>
        <value value="C\d{2}(.\d{1})?"/>
      </filter>
    </include>
  </compose>
</ValueSet>