<?xml version="1.0" encoding="UTF-8"?>

<ValueSet xmlns="http://hl7.org/fhir">
  <id value="BasicFamilyMemberVS"/>
  <text>
    <status value="extensions"/><div xmlns="http://www.w3.org/1999/xhtml"><ul><li>Include these codes as defined in <a href="http://terminology.hl7.org/4.0.0/CodeSystem-v3-RoleCode.html"><code>http://terminology.hl7.org/CodeSystem/v3-RoleCode</code></a><table class="none"><tr><td style="white-space:nowrap"><b>Code</b></td><td><b>Display</b></td><td><b>Definition</b></td></tr><tr><td><a href="http://terminology.hl7.org/4.0.0/CodeSystem-v3-RoleCode.html#v3-RoleCode-FAMMEMB">FAMMEMB</a></td><td>family member</td><td>A relationship between two people characterizing their &quot;familial&quot; relationship</td></tr><tr><td><a href="http://terminology.hl7.org/4.0.0/CodeSystem-v3-RoleCode.html#v3-RoleCode-EXT">EXT</a></td><td>extended family member</td><td>**Description:** A family member not having an immediate genetic or legal relationship e.g. Aunt, cousin, great grandparent, grandchild, grandparent, niece, nephew or uncle.</td></tr></table></li></ul></div>
  </text>
  <url value="https://github.com/KohlbacherLab/DNPM-on-FHIR/ValueSet/BasicFamilyMemberVS"/>
  <version value="0.1.0"/>
  <name value="BasicFamilyMemberVS"/>
  <status value="active"/>
  <date value="2022-10-07T12:49:11+02:00"/>
  <publisher value="TBI-UKT"/>
  <contact>
    <name value="TBI-UKT"/>
    <telecom>
      <system value="url"/>
      <value value="https://kohlbacherlab.org"/>
    </telecom>
  </contact>
  <compose>
    <include>
      <system value="http://terminology.hl7.org/CodeSystem/v3-RoleCode"/>
      <concept>
        <code value="FAMMEMB"/>
      </concept>
      <concept>
        <code value="EXT"/>
      </concept>
    </include>
  </compose>
</ValueSet>