{"resourceType":"CodeSystem","id":"TumorCellContentMethod","text":{"status":"generated","div":"<div xmlns=\"http://www.w3.org/1999/xhtml\"><p>This code system <code>https://github.com/KohlbacherLab/DNPM-on-FHIR/CodeSystem/TumorCellContentMethod</code> defines the following codes:</p><table class=\"codes\"><tr><td style=\"white-space:nowrap\"><b>Code</b></td><td><b>Display</b></td></tr><tr><td style=\"white-space:nowrap\">histologic<a name=\"TumorCellContentMethod-histologic\"> </a></td><td>Histologic</td></tr><tr><td style=\"white-space:nowrap\">bioinformatic<a name=\"TumorCellContentMethod-bioinformatic\"> </a></td><td>Bioinformatic</td></tr></table></div>"},"url":"https://github.com/KohlbacherLab/DNPM-on-FHIR/CodeSystem/TumorCellContentMethod","version":"0.1.0","name":"TumorCellContentMethod","status":"active","date":"2022-10-07T12:49:11+02:00","publisher":"TBI-UKT","contact":[{"name":"TBI-UKT","telecom":[{"system":"url","value":"https://kohlbacherlab.org"}]}],"content":"complete","count":2,"concept":[{"code":"histologic","display":"Histologic"},{"code":"bioinformatic","display":"Bioinformatic"}]}