{"resourceType":"CodeSystem","id":"TumorSpecimenLocalization","text":{"status":"generated","div":"<div xmlns=\"http://www.w3.org/1999/xhtml\"><p>This code system <code>http://bwhc.de/mtb/tumor-specimen/localization</code> defines the following codes:</p><table class=\"codes\"><tr><td style=\"white-space:nowrap\"><b>Code</b></td><td><b>Display</b></td></tr><tr><td style=\"white-space:nowrap\">primary-tumor<a name=\"TumorSpecimenLocalization-primary-tumor\"> </a></td><td>Primary tumor</td></tr><tr><td style=\"white-space:nowrap\">metastasis<a name=\"TumorSpecimenLocalization-metastasis\"> </a></td><td>Metastasis</td></tr><tr><td style=\"white-space:nowrap\">unknown<a name=\"TumorSpecimenLocalization-unknown\"> </a></td><td>Unknown</td></tr></table></div>"},"url":"http://bwhc.de/mtb/tumor-specimen/localization","version":"0.1.0","name":"TumorSpecimenLocalization","status":"active","date":"2022-10-07T12:49:11+02:00","publisher":"TBI-UKT","contact":[{"name":"TBI-UKT","telecom":[{"system":"url","value":"https://kohlbacherlab.org"}]}],"content":"complete","count":3,"concept":[{"code":"primary-tumor","display":"Primary tumor"},{"code":"metastasis","display":"Metastasis"},{"code":"unknown","display":"Unknown"}]}