{"resourceType":"CodeSystem","id":"TumorStage","text":{"status":"generated","div":"<div xmlns=\"http://www.w3.org/1999/xhtml\"><p>This code system <code>https://github.com/KohlbacherLab/DNPM-on-FHIR/CodeSystem/TumorStage</code> defines the following codes:</p><table class=\"codes\"><tr><td style=\"white-space:nowrap\"><b>Code</b></td><td><b>Display</b></td></tr><tr><td style=\"white-space:nowrap\">tumor-free<a name=\"TumorStage-tumor-free\"> </a></td><td>Tumor-free</td></tr><tr><td style=\"white-space:nowrap\">local<a name=\"TumorStage-local\"> </a></td><td>Local</td></tr><tr><td style=\"white-space:nowrap\">metastasized<a name=\"TumorStage-metastasized\"> </a></td><td>Metastasized</td></tr><tr><td style=\"white-space:nowrap\">unknown<a name=\"TumorStage-unknown\"> </a></td><td>Unknown</td></tr></table></div>"},"url":"https://github.com/KohlbacherLab/DNPM-on-FHIR/CodeSystem/TumorStage","version":"0.1.0","name":"TumorStage","status":"active","date":"2022-10-07T12:49:11+02:00","publisher":"TBI-UKT","contact":[{"name":"TBI-UKT","telecom":[{"system":"url","value":"https://kohlbacherlab.org"}]}],"content":"complete","count":4,"concept":[{"code":"tumor-free","display":"Tumor-free"},{"code":"local","display":"Local"},{"code":"metastasized","display":"Metastasized"},{"code":"unknown","display":"Unknown"}]}