{"resourceType":"CodeSystem","id":"TumorSpecimenType","text":{"status":"generated","div":"<div xmlns=\"http://www.w3.org/1999/xhtml\"><p>This code system <code>http://bwhc.de/mtb/tumor-specimen/type</code> defines the following codes:</p><table class=\"codes\"><tr><td style=\"white-space:nowrap\"><b>Code</b></td><td><b>Display</b></td></tr><tr><td style=\"white-space:nowrap\">fresh-tissue<a name=\"TumorSpecimenType-fresh-tissue\"> </a></td><td>Fresh tissue</td></tr><tr><td style=\"white-space:nowrap\">cryo-frozen<a name=\"TumorSpecimenType-cryo-frozen\"> </a></td><td>Cryo-frozen</td></tr><tr><td style=\"white-space:nowrap\">liquid-biopsy<a name=\"TumorSpecimenType-liquid-biopsy\"> </a></td><td>Liquid biopsy</td></tr><tr><td style=\"white-space:nowrap\">FFPE<a name=\"TumorSpecimenType-FFPE\"> </a></td><td>FFPE</td></tr><tr><td style=\"white-space:nowrap\">unknown<a name=\"TumorSpecimenType-unknown\"> </a></td><td>Unknown</td></tr></table></div>"},"url":"http://bwhc.de/mtb/tumor-specimen/type","version":"0.1.0","name":"TumorSpecimenType","status":"active","date":"2022-10-07T12:49:11+02:00","publisher":"TBI-UKT","contact":[{"name":"TBI-UKT","telecom":[{"system":"url","value":"https://kohlbacherlab.org"}]}],"content":"complete","count":5,"concept":[{"code":"fresh-tissue","display":"Fresh tissue"},{"code":"cryo-frozen","display":"Cryo-frozen"},{"code":"liquid-biopsy","display":"Liquid biopsy"},{"code":"FFPE","display":"FFPE"},{"code":"unknown","display":"Unknown"}]}