{"resourceType":"CodeSystem","id":"therapy-stop-reason","text":{"status":"generated","div":"<div xmlns=\"http://www.w3.org/1999/xhtml\"><p>This code system <code>https://github.com/KohlbacherLab/DNPM-on-FHIR/CodeSystem/therapy-stop-reason</code> defines the following codes:</p><table class=\"codes\"><tr><td style=\"white-space:nowrap\"><b>Code</b></td><td><b>Display</b></td></tr><tr><td style=\"white-space:nowrap\">patient-wish<a name=\"therapy-stop-reason-patient-wish\"> </a></td><td>Patient wish</td></tr><tr><td style=\"white-space:nowrap\">progression<a name=\"therapy-stop-reason-progression\"> </a></td><td>Progression</td></tr><tr><td style=\"white-space:nowrap\">toxicity<a name=\"therapy-stop-reason-toxicity\"> </a></td><td>Toxicity</td></tr><tr><td style=\"white-space:nowrap\">deterioration<a name=\"therapy-stop-reason-deterioration\"> </a></td><td>Deterioration</td></tr><tr><td style=\"white-space:nowrap\">chronic-remission<a name=\"therapy-stop-reason-chronic-remission\"> </a></td><td>Chronic remission</td></tr><tr><td style=\"white-space:nowrap\">other<a name=\"therapy-stop-reason-other\"> </a></td><td>Other</td></tr><tr><td style=\"white-space:nowrap\">unknown<a name=\"therapy-stop-reason-unknown\"> </a></td><td>Unknown</td></tr></table></div>"},"url":"https://github.com/KohlbacherLab/DNPM-on-FHIR/CodeSystem/therapy-stop-reason","version":"0.1.0","name":"TherapyStopReason","status":"active","date":"2022-10-07T12:49:11+02:00","publisher":"TBI-UKT","contact":[{"name":"TBI-UKT","telecom":[{"system":"url","value":"https://kohlbacherlab.org"}]}],"content":"complete","count":7,"concept":[{"code":"patient-wish","display":"Patient wish"},{"code":"progression","display":"Progression"},{"code":"toxicity","display":"Toxicity"},{"code":"deterioration","display":"Deterioration"},{"code":"chronic-remission","display":"Chronic remission"},{"code":"other","display":"Other"},{"code":"unknown","display":"Unknown"}]}