{"resourceType":"ImplementationGuide","id":"dnpm.kds","text":{"status":"extensions","div":"<div xmlns=\"http://www.w3.org/1999/xhtml\"><h2>DNPMonFHIR</h2><p>The official URL for this implementation guide is: </p><pre>https://github.com/KohlbacherLab/DNPM-on-FHIR/ImplementationGuide/dnpm.kds</pre></div>"},"url":"https://github.com/KohlbacherLab/DNPM-on-FHIR/ImplementationGuide/dnpm.kds","version":"0.1.0","name":"DNPMonFHIR","status":"draft","date":"2022-10-07T12:49:11+02:00","publisher":"TBI-UKT","contact":[{"name":"TBI-UKT","telecom":[{"system":"url","value":"https://kohlbacherlab.org"}]}],"packageId":"dnpm.kds","license":"CC0-1.0","fhirVersion":["4.0.1"],"dependsOn":[{"id":"hl7tx","uri":"http://terminology.hl7.org/ImplementationGuide/hl7.terminology","packageId":"hl7.terminology.r4","version":"4.0.0"}],"definition":{"extension":[{"extension":[{"url":"code","valueString":"copyrightyear"},{"url":"value","valueString":"2022+"}],"url":"http://hl7.org/fhir/tools/StructureDefinition/ig-parameter"},{"extension":[{"url":"code","valueString":"releaselabel"},{"url":"value","valueString":"ci-build"}],"url":"http://hl7.org/fhir/tools/StructureDefinition/ig-parameter"},{"extension":[{"url":"code","valueString":"path-liquid"},{"url":"value","valueString":"template/liquid"}],"url":"http://hl7.org/fhir/tools/StructureDefinition/ig-parameter"},{"extension":[{"url":"code","valueString":"path-liquid"},{"url":"value","valueString":"input/liquid"}],"url":"http://hl7.org/fhir/tools/StructureDefinition/ig-parameter"},{"extension":[{"url":"code","valueString":"path-qa"},{"url":"value","valueString":"temp/qa"}],"url":"http://hl7.org/fhir/tools/StructureDefinition/ig-parameter"},{"extension":[{"url":"code","valueString":"path-temp"},{"url":"value","valueString":"temp/pages"}],"url":"http://hl7.org/fhir/tools/StructureDefinition/ig-parameter"},{"extension":[{"url":"code","valueString":"path-output"},{"url":"value","valueString":"output"}],"url":"http://hl7.org/fhir/tools/StructureDefinition/ig-parameter"},{"extension":[{"url":"code","valueString":"path-suppressed-warnings"},{"url":"value","valueString":"input/ignoreWarnings.txt"}],"url":"http://hl7.org/fhir/tools/StructureDefinition/ig-parameter"},{"extension":[{"url":"code","valueString":"path-history"},{"url":"value","valueString":"https://github.com/KohlbacherLab/DNPM-on-FHIR/history.html"}],"url":"http://hl7.org/fhir/tools/StructureDefinition/ig-parameter"},{"extension":[{"url":"code","valueString":"template-html"},{"url":"value","valueString":"template-page.html"}],"url":"http://hl7.org/fhir/tools/StructureDefinition/ig-parameter"},{"extension":[{"url":"code","valueString":"template-md"},{"url":"value","valueString":"template-page-md.html"}],"url":"http://hl7.org/fhir/tools/StructureDefinition/ig-parameter"},{"extension":[{"url":"code","valueString":"apply-contact"},{"url":"value","valueString":"true"}],"url":"http://hl7.org/fhir/tools/StructureDefinition/ig-parameter"},{"extension":[{"url":"code","valueString":"apply-context"},{"url":"value","valueString":"true"}],"url":"http://hl7.org/fhir/tools/StructureDefinition/ig-parameter"},{"extension":[{"url":"code","valueString":"apply-copyright"},{"url":"value","valueString":"true"}],"url":"http://hl7.org/fhir/tools/StructureDefinition/ig-parameter"},{"extension":[{"url":"code","valueString":"apply-jurisdiction"},{"url":"value","valueString":"true"}],"url":"http://hl7.org/fhir/tools/StructureDefinition/ig-parameter"},{"extension":[{"url":"code","valueString":"apply-license"},{"url":"value","valueString":"true"}],"url":"http://hl7.org/fhir/tools/StructureDefinition/ig-parameter"},{"extension":[{"url":"code","valueString":"apply-publisher"},{"url":"value","valueString":"true"}],"url":"http://hl7.org/fhir/tools/StructureDefinition/ig-parameter"},{"extension":[{"url":"code","valueString":"apply-version"},{"url":"value","valueString":"true"}],"url":"http://hl7.org/fhir/tools/StructureDefinition/ig-parameter"},{"extension":[{"url":"code","valueString":"active-tables"},{"url":"value","valueString":"true"}],"url":"http://hl7.org/fhir/tools/StructureDefinition/ig-parameter"},{"extension":[{"url":"code","valueString":"fmm-definition"},{"url":"value","valueString":"http://hl7.org/fhir/versions.html#maturity"}],"url":"http://hl7.org/fhir/tools/StructureDefinition/ig-parameter"},{"extension":[{"url":"code","valueString":"propagate-status"},{"url":"value","valueString":"true"}],"url":"http://hl7.org/fhir/tools/StructureDefinition/ig-parameter"},{"extension":[{"url":"code","valueString":"excludelogbinaryformat"},{"url":"value","valueString":"true"}],"url":"http://hl7.org/fhir/tools/StructureDefinition/ig-parameter"}],"grouping":[{"id":"-str-profile","name":"Structures: Resource Profiles","description":"These define constraints on FHIR resources for systems conforming to this implementation guide"},{"id":"-str-extension","name":"Structures: Extension Definitions","description":"These define constraints on FHIR data types for systems conforming to this implementation guide"},{"id":"-term-valueset","name":"Terminology: Value Sets","description":"These define sets of codes used by systems conforming to this implementation guide"},{"id":"-term-codesystem","name":"Terminology: Code Systems","description":"These define new code systems used by systems conforming to this implementation guide"}],"resource":[{"extension":[{"url":"http://hl7.org/fhir/StructureDefinition/implementationguide-page","valueUri":"StructureDefinition-ATCMedication.html"}],"reference":{"reference":"StructureDefinition/ATCMedication"},"name":"ATCMedication","exampleBoolean":false,"groupingId":"-str-profile"},{"extension":[{"url":"http://hl7.org/fhir/StructureDefinition/implementationguide-page","valueUri":"StructureDefinition-BasicObservation.html"}],"reference":{"reference":"StructureDefinition/BasicObservation"},"name":"BasicObservation","exampleBoolean":false,"groupingId":"-str-profile"},{"extension":[{"url":"http://hl7.org/fhir/StructureDefinition/implementationguide-page","valueUri":"StructureDefinition-dnpm-consent.html"}],"reference":{"reference":"StructureDefinition/dnpm-consent"},"name":"DNPM Consent","exampleBoolean":false,"groupingId":"-str-profile"},{"extension":[{"url":"http://hl7.org/fhir/StructureDefinition/implementationguide-page","valueUri":"StructureDefinition-ECOGPerformanceStatus.html"}],"reference":{"reference":"StructureDefinition/ECOGPerformanceStatus"},"name":"ECOGPerformanceStatus","exampleBoolean":false,"groupingId":"-str-profile"},{"extension":[{"url":"http://hl7.org/fhir/StructureDefinition/implementationguide-page","valueUri":"StructureDefinition-family-member-history.html"}],"reference":{"reference":"StructureDefinition/family-member-history"},"name":"Family Member History","description":"TBA","exampleBoolean":false,"groupingId":"-str-profile"},{"extension":[{"url":"http://hl7.org/fhir/StructureDefinition/implementationguide-page","valueUri":"StructureDefinition-GuidelineTherapy.html"}],"reference":{"reference":"StructureDefinition/GuidelineTherapy"},"name":"GuidelineTherapy","exampleBoolean":false,"groupingId":"-str-profile"},{"extension":[{"url":"http://hl7.org/fhir/StructureDefinition/implementationguide-page","valueUri":"StructureDefinition-HistologyReport.html"}],"reference":{"reference":"StructureDefinition/HistologyReport"},"name":"HistologyReport","exampleBoolean":false,"groupingId":"-str-profile"},{"extension":[{"url":"http://hl7.org/fhir/StructureDefinition/implementationguide-page","valueUri":"StructureDefinition-LastGuidelineTherapy.html"}],"reference":{"reference":"StructureDefinition/LastGuidelineTherapy"},"name":"LastGuidelineTherapy","exampleBoolean":false,"groupingId":"-str-profile"},{"extension":[{"url":"http://hl7.org/fhir/StructureDefinition/implementationguide-page","valueUri":"StructureDefinition-mtb-episode.html"}],"reference":{"reference":"StructureDefinition/mtb-episode"},"name":"Episode of Care","description":"TBA","exampleBoolean":false,"groupingId":"-str-profile"},{"extension":[{"url":"http://hl7.org/fhir/StructureDefinition/implementationguide-page","valueUri":"StructureDefinition-MTBFile.html"}],"reference":{"reference":"StructureDefinition/MTBFile"},"name":"MTBFile","exampleBoolean":false,"groupingId":"-str-profile"},{"extension":[{"url":"http://hl7.org/fhir/StructureDefinition/implementationguide-page","valueUri":"StructureDefinition-mtb-patient.html"}],"reference":{"reference":"StructureDefinition/mtb-patient"},"name":"MTB Patient","description":"A psydonomized MTB Patient","exampleBoolean":false,"groupingId":"-str-profile"},{"extension":[{"url":"http://hl7.org/fhir/StructureDefinition/implementationguide-page","valueUri":"StructureDefinition-onco-diagnosis.html"}],"reference":{"reference":"StructureDefinition/onco-diagnosis"},"name":"Onco Diagnosis","description":"An oncological Diagnosis object","exampleBoolean":false,"groupingId":"-str-profile"},{"extension":[{"url":"http://hl7.org/fhir/StructureDefinition/implementationguide-page","valueUri":"StructureDefinition-Response.html"}],"reference":{"reference":"StructureDefinition/Response"},"name":"Response","exampleBoolean":false,"groupingId":"-str-profile"},{"extension":[{"url":"http://hl7.org/fhir/StructureDefinition/implementationguide-page","valueUri":"StructureDefinition-TumorCellContent.html"}],"reference":{"reference":"StructureDefinition/TumorCellContent"},"name":"TumorCellContent","exampleBoolean":false,"groupingId":"-str-profile"},{"extension":[{"url":"http://hl7.org/fhir/StructureDefinition/implementationguide-page","valueUri":"StructureDefinition-TumorMorphology.html"}],"reference":{"reference":"StructureDefinition/TumorMorphology"},"name":"TumorMorphology","exampleBoolean":false,"groupingId":"-str-profile"},{"extension":[{"url":"http://hl7.org/fhir/StructureDefinition/implementationguide-page","valueUri":"StructureDefinition-TumorSpecimen.html"}],"reference":{"reference":"StructureDefinition/TumorSpecimen"},"name":"TumorSpecimen","exampleBoolean":false,"groupingId":"-str-profile"},{"extension":[{"url":"http://hl7.org/fhir/StructureDefinition/implementationguide-page","valueUri":"StructureDefinition-GuidelineTreatmentStatus.html"}],"reference":{"reference":"StructureDefinition/GuidelineTreatmentStatus"},"name":"GuidelineTreatmentStatus","exampleBoolean":false,"groupingId":"-str-extension"},{"extension":[{"url":"http://hl7.org/fhir/StructureDefinition/implementationguide-page","valueUri":"StructureDefinition-TherapyLine.html"}],"reference":{"reference":"StructureDefinition/TherapyLine"},"name":"TherapyLine","exampleBoolean":false,"groupingId":"-str-extension"},{"extension":[{"url":"http://hl7.org/fhir/StructureDefinition/implementationguide-page","valueUri":"StructureDefinition-TumorStageDate.html"}],"reference":{"reference":"StructureDefinition/TumorStageDate"},"name":"TumorStageDate","exampleBoolean":false,"groupingId":"-str-extension"},{"extension":[{"url":"http://hl7.org/fhir/StructureDefinition/implementationguide-page","valueUri":"ValueSet-BasicFamilyMemberVS.html"}],"reference":{"reference":"ValueSet/BasicFamilyMemberVS"},"name":"BasicFamilyMemberVS","exampleBoolean":false,"groupingId":"-term-valueset"},{"extension":[{"url":"http://hl7.org/fhir/StructureDefinition/implementationguide-page","valueUri":"ValueSet-guideline-treatment-status-codes-valueset.html"}],"reference":{"reference":"ValueSet/guideline-treatment-status-codes-valueset"},"name":"Guideline Treatment Status Codes","description":"Status codes of guideline treatment of tumor disease","exampleBoolean":false,"groupingId":"-term-valueset"},{"extension":[{"url":"http://hl7.org/fhir/StructureDefinition/implementationguide-page","valueUri":"ValueSet-ICDO3M.html"}],"reference":{"reference":"ValueSet/ICDO3M"},"name":"ICD-O-3-Morphology","description":"ICD-O-3 Morphology codes with ClaML kind = 'category' (hence the regex filter for pattern ****:*)","exampleBoolean":false,"groupingId":"-term-valueset"},{"extension":[{"url":"http://hl7.org/fhir/StructureDefinition/implementationguide-page","valueUri":"ValueSet-ICDO3T.html"}],"reference":{"reference":"ValueSet/ICDO3T"},"name":"ICD-O-3-Topography","description":"ICD-O-3 Topography codes with ClaML kind = 'category' (hence the regex filter for pattern C**[.*])","exampleBoolean":false,"groupingId":"-term-valueset"},{"extension":[{"url":"http://hl7.org/fhir/StructureDefinition/implementationguide-page","valueUri":"ValueSet-RECISTVS.html"}],"reference":{"reference":"ValueSet/RECISTVS"},"name":"RECISTVS","exampleBoolean":false,"groupingId":"-term-valueset"},{"extension":[{"url":"http://hl7.org/fhir/StructureDefinition/implementationguide-page","valueUri":"ValueSet-TherapyStopReasonVS.html"}],"reference":{"reference":"ValueSet/TherapyStopReasonVS"},"name":"TherapyStopReasonVS","exampleBoolean":false,"groupingId":"-term-valueset"},{"extension":[{"url":"http://hl7.org/fhir/StructureDefinition/implementationguide-page","valueUri":"ValueSet-TumorCellContentMethodVS.html"}],"reference":{"reference":"ValueSet/TumorCellContentMethodVS"},"name":"TumorCellContentMethodVS","exampleBoolean":false,"groupingId":"-term-valueset"},{"extension":[{"url":"http://hl7.org/fhir/StructureDefinition/implementationguide-page","valueUri":"ValueSet-TumorSpecimenCollectionMethodVS.html"}],"reference":{"reference":"ValueSet/TumorSpecimenCollectionMethodVS"},"name":"TumorSpecimenCollectionMethodVS","exampleBoolean":false,"groupingId":"-term-valueset"},{"extension":[{"url":"http://hl7.org/fhir/StructureDefinition/implementationguide-page","valueUri":"ValueSet-TumorSpecimenLocalizationVS.html"}],"reference":{"reference":"ValueSet/TumorSpecimenLocalizationVS"},"name":"TumorSpecimenLocalizationVS","exampleBoolean":false,"groupingId":"-term-valueset"},{"extension":[{"url":"http://hl7.org/fhir/StructureDefinition/implementationguide-page","valueUri":"ValueSet-TumorSpecimenTypeVS.html"}],"reference":{"reference":"ValueSet/TumorSpecimenTypeVS"},"name":"TumorSpecimenTypeVS","exampleBoolean":false,"groupingId":"-term-valueset"},{"extension":[{"url":"http://hl7.org/fhir/StructureDefinition/implementationguide-page","valueUri":"ValueSet-TumorStageVS.html"}],"reference":{"reference":"ValueSet/TumorStageVS"},"name":"TumorStageVS","exampleBoolean":false,"groupingId":"-term-valueset"},{"extension":[{"url":"http://hl7.org/fhir/StructureDefinition/implementationguide-page","valueUri":"ValueSet-WHOCNSGradingVS.html"}],"reference":{"reference":"ValueSet/WHOCNSGradingVS"},"name":"WHOCNSGradingVS","exampleBoolean":false,"groupingId":"-term-valueset"},{"extension":[{"url":"http://hl7.org/fhir/StructureDefinition/implementationguide-page","valueUri":"CodeSystem-guideline-treatment-status-codes.html"}],"reference":{"reference":"CodeSystem/guideline-treatment-status-codes"},"name":"Guideline Treatment Status Codes","description":"Status codes of guideline treatment of tumor disease","exampleBoolean":false,"groupingId":"-term-codesystem"},{"extension":[{"url":"http://hl7.org/fhir/StructureDefinition/implementationguide-page","valueUri":"CodeSystem-RECIST.html"}],"reference":{"reference":"CodeSystem/RECIST"},"name":"RECIST","exampleBoolean":false,"groupingId":"-term-codesystem"},{"extension":[{"url":"http://hl7.org/fhir/StructureDefinition/implementationguide-page","valueUri":"CodeSystem-therapy-stop-reason.html"}],"reference":{"reference":"CodeSystem/therapy-stop-reason"},"name":"TherapyStopReason","exampleBoolean":false,"groupingId":"-term-codesystem"},{"extension":[{"url":"http://hl7.org/fhir/StructureDefinition/implementationguide-page","valueUri":"CodeSystem-TumorCellContentMethod.html"}],"reference":{"reference":"CodeSystem/TumorCellContentMethod"},"name":"TumorCellContentMethod","exampleBoolean":false,"groupingId":"-term-codesystem"},{"extension":[{"url":"http://hl7.org/fhir/StructureDefinition/implementationguide-page","valueUri":"CodeSystem-TumorSpecimenCollectionMethod.html"}],"reference":{"reference":"CodeSystem/TumorSpecimenCollectionMethod"},"name":"TumorSpecimenCollectionMethod","exampleBoolean":false,"groupingId":"-term-codesystem"},{"extension":[{"url":"http://hl7.org/fhir/StructureDefinition/implementationguide-page","valueUri":"CodeSystem-TumorSpecimenLocalization.html"}],"reference":{"reference":"CodeSystem/TumorSpecimenLocalization"},"name":"TumorSpecimenLocalization","exampleBoolean":false,"groupingId":"-term-codesystem"},{"extension":[{"url":"http://hl7.org/fhir/StructureDefinition/implementationguide-page","valueUri":"CodeSystem-TumorSpecimenType.html"}],"reference":{"reference":"CodeSystem/TumorSpecimenType"},"name":"TumorSpecimenType","exampleBoolean":false,"groupingId":"-term-codesystem"},{"extension":[{"url":"http://hl7.org/fhir/StructureDefinition/implementationguide-page","valueUri":"CodeSystem-TumorStage.html"}],"reference":{"reference":"CodeSystem/TumorStage"},"name":"TumorStage","exampleBoolean":false,"groupingId":"-term-codesystem"},{"extension":[{"url":"http://hl7.org/fhir/StructureDefinition/implementationguide-page","valueUri":"CodeSystem-WHOCNSGrading.html"}],"reference":{"reference":"CodeSystem/WHOCNSGrading"},"name":"WHOCNSGrading","exampleBoolean":false,"groupingId":"-term-codesystem"}],"page":{"extension":[{"url":"http://hl7.org/fhir/tools/StructureDefinition/ig-page-name","valueUrl":"toc.html"}],"nameUrl":"toc.html","title":"Table of Contents","generation":"html","page":[{"extension":[{"url":"http://hl7.org/fhir/tools/StructureDefinition/ig-page-name","valueUrl":"index.html"}],"nameUrl":"index.html","title":"Home","generation":"markdown"},{"extension":[{"url":"http://hl7.org/fhir/tools/StructureDefinition/ig-page-name","valueUrl":"artifacts.html"}],"nameUrl":"artifacts.html","title":"Artifacts Summary","generation":"html","page":[{"extension":[{"url":"http://hl7.org/fhir/tools/StructureDefinition/ig-page-name","valueUrl":"StructureDefinition-ATCMedication.html"}],"nameUrl":"StructureDefinition-ATCMedication.html","title":"ATCMedication","generation":"generated"},{"extension":[{"url":"http://hl7.org/fhir/tools/StructureDefinition/ig-page-name","valueUrl":"StructureDefinition-BasicObservation.html"}],"nameUrl":"StructureDefinition-BasicObservation.html","title":"BasicObservation","generation":"generated"},{"extension":[{"url":"http://hl7.org/fhir/tools/StructureDefinition/ig-page-name","valueUrl":"StructureDefinition-dnpm-consent.html"}],"nameUrl":"StructureDefinition-dnpm-consent.html","title":"DNPM Consent","generation":"generated"},{"extension":[{"url":"http://hl7.org/fhir/tools/StructureDefinition/ig-page-name","valueUrl":"StructureDefinition-ECOGPerformanceStatus.html"}],"nameUrl":"StructureDefinition-ECOGPerformanceStatus.html","title":"ECOGPerformanceStatus","generation":"generated"},{"extension":[{"url":"http://hl7.org/fhir/tools/StructureDefinition/ig-page-name","valueUrl":"StructureDefinition-family-member-history.html"}],"nameUrl":"StructureDefinition-family-member-history.html","title":"Family Member History","generation":"generated"},{"extension":[{"url":"http://hl7.org/fhir/tools/StructureDefinition/ig-page-name","valueUrl":"StructureDefinition-GuidelineTherapy.html"}],"nameUrl":"StructureDefinition-GuidelineTherapy.html","title":"GuidelineTherapy","generation":"generated"},{"extension":[{"url":"http://hl7.org/fhir/tools/StructureDefinition/ig-page-name","valueUrl":"StructureDefinition-HistologyReport.html"}],"nameUrl":"StructureDefinition-HistologyReport.html","title":"HistologyReport","generation":"generated"},{"extension":[{"url":"http://hl7.org/fhir/tools/StructureDefinition/ig-page-name","valueUrl":"StructureDefinition-LastGuidelineTherapy.html"}],"nameUrl":"StructureDefinition-LastGuidelineTherapy.html","title":"LastGuidelineTherapy","generation":"generated"},{"extension":[{"url":"http://hl7.org/fhir/tools/StructureDefinition/ig-page-name","valueUrl":"StructureDefinition-mtb-episode.html"}],"nameUrl":"StructureDefinition-mtb-episode.html","title":"Episode of Care","generation":"generated"},{"extension":[{"url":"http://hl7.org/fhir/tools/StructureDefinition/ig-page-name","valueUrl":"StructureDefinition-MTBFile.html"}],"nameUrl":"StructureDefinition-MTBFile.html","title":"MTBFile","generation":"generated"},{"extension":[{"url":"http://hl7.org/fhir/tools/StructureDefinition/ig-page-name","valueUrl":"StructureDefinition-mtb-patient.html"}],"nameUrl":"StructureDefinition-mtb-patient.html","title":"MTB Patient","generation":"generated"},{"extension":[{"url":"http://hl7.org/fhir/tools/StructureDefinition/ig-page-name","valueUrl":"StructureDefinition-onco-diagnosis.html"}],"nameUrl":"StructureDefinition-onco-diagnosis.html","title":"Onco Diagnosis","generation":"generated"},{"extension":[{"url":"http://hl7.org/fhir/tools/StructureDefinition/ig-page-name","valueUrl":"StructureDefinition-Response.html"}],"nameUrl":"StructureDefinition-Response.html","title":"Response","generation":"generated"},{"extension":[{"url":"http://hl7.org/fhir/tools/StructureDefinition/ig-page-name","valueUrl":"StructureDefinition-TumorCellContent.html"}],"nameUrl":"StructureDefinition-TumorCellContent.html","title":"TumorCellContent","generation":"generated"},{"extension":[{"url":"http://hl7.org/fhir/tools/StructureDefinition/ig-page-name","valueUrl":"StructureDefinition-TumorMorphology.html"}],"nameUrl":"StructureDefinition-TumorMorphology.html","title":"TumorMorphology","generation":"generated"},{"extension":[{"url":"http://hl7.org/fhir/tools/StructureDefinition/ig-page-name","valueUrl":"StructureDefinition-TumorSpecimen.html"}],"nameUrl":"StructureDefinition-TumorSpecimen.html","title":"TumorSpecimen","generation":"generated"},{"extension":[{"url":"http://hl7.org/fhir/tools/StructureDefinition/ig-page-name","valueUrl":"StructureDefinition-GuidelineTreatmentStatus.html"}],"nameUrl":"StructureDefinition-GuidelineTreatmentStatus.html","title":"GuidelineTreatmentStatus","generation":"generated"},{"extension":[{"url":"http://hl7.org/fhir/tools/StructureDefinition/ig-page-name","valueUrl":"StructureDefinition-TherapyLine.html"}],"nameUrl":"StructureDefinition-TherapyLine.html","title":"TherapyLine","generation":"generated"},{"extension":[{"url":"http://hl7.org/fhir/tools/StructureDefinition/ig-page-name","valueUrl":"StructureDefinition-TumorStageDate.html"}],"nameUrl":"StructureDefinition-TumorStageDate.html","title":"TumorStageDate","generation":"generated"},{"extension":[{"url":"http://hl7.org/fhir/tools/StructureDefinition/ig-page-name","valueUrl":"ValueSet-BasicFamilyMemberVS.html"}],"nameUrl":"ValueSet-BasicFamilyMemberVS.html","title":"BasicFamilyMemberVS","generation":"generated"},{"extension":[{"url":"http://hl7.org/fhir/tools/StructureDefinition/ig-page-name","valueUrl":"ValueSet-guideline-treatment-status-codes-valueset.html"}],"nameUrl":"ValueSet-guideline-treatment-status-codes-valueset.html","title":"Guideline Treatment Status Codes","generation":"generated"},{"extension":[{"url":"http://hl7.org/fhir/tools/StructureDefinition/ig-page-name","valueUrl":"ValueSet-ICDO3M.html"}],"nameUrl":"ValueSet-ICDO3M.html","title":"ICD-O-3-Morphology","generation":"generated"},{"extension":[{"url":"http://hl7.org/fhir/tools/StructureDefinition/ig-page-name","valueUrl":"ValueSet-ICDO3T.html"}],"nameUrl":"ValueSet-ICDO3T.html","title":"ICD-O-3-Topography","generation":"generated"},{"extension":[{"url":"http://hl7.org/fhir/tools/StructureDefinition/ig-page-name","valueUrl":"ValueSet-RECISTVS.html"}],"nameUrl":"ValueSet-RECISTVS.html","title":"RECISTVS","generation":"generated"},{"extension":[{"url":"http://hl7.org/fhir/tools/StructureDefinition/ig-page-name","valueUrl":"ValueSet-TherapyStopReasonVS.html"}],"nameUrl":"ValueSet-TherapyStopReasonVS.html","title":"TherapyStopReasonVS","generation":"generated"},{"extension":[{"url":"http://hl7.org/fhir/tools/StructureDefinition/ig-page-name","valueUrl":"ValueSet-TumorCellContentMethodVS.html"}],"nameUrl":"ValueSet-TumorCellContentMethodVS.html","title":"TumorCellContentMethodVS","generation":"generated"},{"extension":[{"url":"http://hl7.org/fhir/tools/StructureDefinition/ig-page-name","valueUrl":"ValueSet-TumorSpecimenCollectionMethodVS.html"}],"nameUrl":"ValueSet-TumorSpecimenCollectionMethodVS.html","title":"TumorSpecimenCollectionMethodVS","generation":"generated"},{"extension":[{"url":"http://hl7.org/fhir/tools/StructureDefinition/ig-page-name","valueUrl":"ValueSet-TumorSpecimenLocalizationVS.html"}],"nameUrl":"ValueSet-TumorSpecimenLocalizationVS.html","title":"TumorSpecimenLocalizationVS","generation":"generated"},{"extension":[{"url":"http://hl7.org/fhir/tools/StructureDefinition/ig-page-name","valueUrl":"ValueSet-TumorSpecimenTypeVS.html"}],"nameUrl":"ValueSet-TumorSpecimenTypeVS.html","title":"TumorSpecimenTypeVS","generation":"generated"},{"extension":[{"url":"http://hl7.org/fhir/tools/StructureDefinition/ig-page-name","valueUrl":"ValueSet-TumorStageVS.html"}],"nameUrl":"ValueSet-TumorStageVS.html","title":"TumorStageVS","generation":"generated"},{"extension":[{"url":"http://hl7.org/fhir/tools/StructureDefinition/ig-page-name","valueUrl":"ValueSet-WHOCNSGradingVS.html"}],"nameUrl":"ValueSet-WHOCNSGradingVS.html","title":"WHOCNSGradingVS","generation":"generated"},{"extension":[{"url":"http://hl7.org/fhir/tools/StructureDefinition/ig-page-name","valueUrl":"CodeSystem-guideline-treatment-status-codes.html"}],"nameUrl":"CodeSystem-guideline-treatment-status-codes.html","title":"Guideline Treatment Status Codes","generation":"generated"},{"extension":[{"url":"http://hl7.org/fhir/tools/StructureDefinition/ig-page-name","valueUrl":"CodeSystem-RECIST.html"}],"nameUrl":"CodeSystem-RECIST.html","title":"RECIST","generation":"generated"},{"extension":[{"url":"http://hl7.org/fhir/tools/StructureDefinition/ig-page-name","valueUrl":"CodeSystem-therapy-stop-reason.html"}],"nameUrl":"CodeSystem-therapy-stop-reason.html","title":"TherapyStopReason","generation":"generated"},{"extension":[{"url":"http://hl7.org/fhir/tools/StructureDefinition/ig-page-name","valueUrl":"CodeSystem-TumorCellContentMethod.html"}],"nameUrl":"CodeSystem-TumorCellContentMethod.html","title":"TumorCellContentMethod","generation":"generated"},{"extension":[{"url":"http://hl7.org/fhir/tools/StructureDefinition/ig-page-name","valueUrl":"CodeSystem-TumorSpecimenCollectionMethod.html"}],"nameUrl":"CodeSystem-TumorSpecimenCollectionMethod.html","title":"TumorSpecimenCollectionMethod","generation":"generated"},{"extension":[{"url":"http://hl7.org/fhir/tools/StructureDefinition/ig-page-name","valueUrl":"CodeSystem-TumorSpecimenLocalization.html"}],"nameUrl":"CodeSystem-TumorSpecimenLocalization.html","title":"TumorSpecimenLocalization","generation":"generated"},{"extension":[{"url":"http://hl7.org/fhir/tools/StructureDefinition/ig-page-name","valueUrl":"CodeSystem-TumorSpecimenType.html"}],"nameUrl":"CodeSystem-TumorSpecimenType.html","title":"TumorSpecimenType","generation":"generated"},{"extension":[{"url":"http://hl7.org/fhir/tools/StructureDefinition/ig-page-name","valueUrl":"CodeSystem-TumorStage.html"}],"nameUrl":"CodeSystem-TumorStage.html","title":"TumorStage","generation":"generated"},{"extension":[{"url":"http://hl7.org/fhir/tools/StructureDefinition/ig-page-name","valueUrl":"CodeSystem-WHOCNSGrading.html"}],"nameUrl":"CodeSystem-WHOCNSGrading.html","title":"WHOCNSGrading","generation":"generated"}]}]},"parameter":[{"code":"path-resource","value":"input/capabilities"},{"code":"path-resource","value":"input/examples"},{"code":"path-resource","value":"input/extensions"},{"code":"path-resource","value":"input/models"},{"code":"path-resource","value":"input/operations"},{"code":"path-resource","value":"input/profiles"},{"code":"path-resource","value":"input/resources"},{"code":"path-resource","value":"input/vocabulary"},{"code":"path-resource","value":"input/maps"},{"code":"path-resource","value":"input/testing"},{"code":"path-resource","value":"input/history"},{"code":"path-resource","value":"fsh-generated/resources"},{"code":"path-pages","value":"template/config"},{"code":"path-pages","value":"input/images"},{"code":"path-tx-cache","value":"input-cache/txcache"}]}}