{"resourceType":"ValueSet","id":"ICDO3T","text":{"status":"generated","div":"<div xmlns=\"http://www.w3.org/1999/xhtml\"><ul><li>Include codes from <code>urn:oid:2.16.840.1.113883.6.43.1</code> where concept  descends from  T and concept  matches (by regex)  C\\d{2}(.\\d{1})?</li></ul></div>"},"url":"urn:oid:2.16.840.1.113883.6.43.1/topography","version":"0.1.0","name":"ICDO3Topography","title":"ICD-O-3-Topography","status":"active","date":"2022-10-07T12:49:11+02:00","publisher":"TBI-UKT","contact":[{"name":"TBI-UKT","telecom":[{"system":"url","value":"https://kohlbacherlab.org"}]}],"description":"ICD-O-3 Topography codes with ClaML kind = 'category' (hence the regex filter for pattern C**[.*])","compose":{"include":[{"system":"urn:oid:2.16.840.1.113883.6.43.1","filter":[{"property":"concept","op":"descendent-of","value":"T"},{"property":"concept","op":"regex","value":"C\\d{2}(.\\d{1})?"}]}]}}