{
  "resourceType": "CodeSystem",
  "id": "RECIST",
  "text": {
    "status": "generated",
    "div": "<div xmlns=\"http://www.w3.org/1999/xhtml\"><p>This code system <code>https://github.com/KohlbacherLab/DNPM-on-FHIR/CodeSystem/RECIST</code> defines the following codes:</p><table class=\"codes\"><tr><td style=\"white-space:nowrap\"><b>Code</b></td><td><b>Display</b></td></tr><tr><td style=\"white-space:nowrap\">CR<a name=\"RECIST-CR\"> </a></td><td>Complete Response</td></tr><tr><td style=\"white-space:nowrap\">PR<a name=\"RECIST-PR\"> </a></td><td>Partial Response</td></tr><tr><td style=\"white-space:nowrap\">MR<a name=\"RECIST-MR\"> </a></td><td>Mixed Response</td></tr><tr><td style=\"white-space:nowrap\">SD<a name=\"RECIST-SD\"> </a></td><td>Stable Disease</td></tr><tr><td style=\"white-space:nowrap\">PD<a name=\"RECIST-PD\"> </a></td><td>Progressive Disease</td></tr><tr><td style=\"white-space:nowrap\">NA<a name=\"RECIST-NA\"> </a></td><td>Not Assessable</td></tr><tr><td style=\"white-space:nowrap\">NYA<a name=\"RECIST-NYA\"> </a></td><td>Not Yet Assessable</td></tr></table></div>"
  },
  "url": "https://github.com/KohlbacherLab/DNPM-on-FHIR/CodeSystem/RECIST",
  "version": "0.1.0",
  "name": "RECIST",
  "status": "active",
  "date": "2022-10-07T12:49:11+02:00",
  "publisher": "TBI-UKT",
  "contact": [
    {
      "name": "TBI-UKT",
      "telecom": [
        {
          "system": "url",
          "value": "https://kohlbacherlab.org"
        }
      ]
    }
  ],
  "content": "complete",
  "count": 7,
  "concept": [
    {
      "code": "CR",
      "display": "Complete Response"
    },
    {
      "code": "PR",
      "display": "Partial Response"
    },
    {
      "code": "MR",
      "display": "Mixed Response"
    },
    {
      "code": "SD",
      "display": "Stable Disease"
    },
    {
      "code": "PD",
      "display": "Progressive Disease"
    },
    {
      "code": "NA",
      "display": "Not Assessable"
    },
    {
      "code": "NYA",
      "display": "Not Yet Assessable"
    }
  ]
}